{"BEA-1": [781057.2303061411, 15195.048086467747], "FER-2": [8697759.057303801, 152742.7032245169], "IFR-1": [1166450.3537502773, 28213.867605289564], "MFI-1": [242865.92615866355, 5364.428761313459], "MOR-0": [107711.12237380024, 8557.94081864854], "EUO-1": [1981958.787217923, 18627.70978564358]}