{"BEA-1": [0.0, 0.0], "FER-2": [746648.8811385777, 457235.92935447505], "IFR-1": [0.0, 0.0], "MFI-1": [0.0, 0.0], "MOR-0": [0.0, 0.0], "EUO-1": [0.0, 0.0]}