{"BEA-1": [330896.94598653936, 78655.1245068109], "FER-2": [8761977.791564615, 188526.39220619446], "IFR-1": [816795.6411505931, 145901.9256694314], "MFI-1": [0.0, 0.0], "MOR-0": [0.0, 0.0], "EUO-1": [2008018.6671660931, 41358.73577946657]}