{"BEA-1": [806706.6048301682, 4691.506490863543], "FER-2": [8720100.449424151, 39060.80083897179], "IFR-1": [1135562.4693890999, 4866.642277832538], "MFI-1": [230247.44516518695, 1330.3702292321177], "MOR-0": [111222.56090087304, 676.7105501220663], "EUO-1": [1974272.2512577884, 8039.9553458455475]}